artifact_id,accession_no,artifact_name,source,description
bon002789,본관 2789,금동 반가사유상,국립중앙박물관,"왼쪽 무릎 위에 오른쪽 다리를 걸치고 오른쪽 손가락을 살짝 뺨에 댄 채 깊은 생각에 잠긴 보살상의 모습이다. 반가사유상은 인간의 생로병사를 고민하며 명상에 잠긴 싯다르타 태자의 모습에서 비롯한 것으로, 중국으로 전해지는 과정에서 하나의 도상으로 확립되었다. 중국에서는 초기에 인생의 덧없음을 사유하던 싯다르타 태자상으로 인식되기도 했지만 점차 미륵보살상으로 자리 잡았으며 한국의 삼국시대 반가사유상도 대부분 미륵보살을 표현한 것으로 추정된다. 머리에 쓰고 있는 화려하고 높은 관冠은 해와 초승달 모양이 결합된 특이한 형식으로 일월식보관(日月飾寶冠)이라고도 한다. 입가에는 고졸한 미소를 띠고 있으며, 자연스러운 반가좌의 자세, 몸 앞에서 교차된 천의자락과 허리띠의 율동적인 흐름은 세련된 조각 솜씨를 보여준다. 주조 기법은 내부가 비어있는 중공식中空式이며, 금동불로서는 비교적 크기가 큰 편임에도 불구하고 두께가 2~4mm에 지나지 않는 뛰어난 주조 기술을 보여준다."
duk000798,덕수 798,청동촛대,국립중앙박물관,"받침과 기둥, 그리고 등잔받침의 세 부분으로 간결하게 구성되었는데 받침은 원통형의 세 부분을 곡선형태로 오려내어 기단으로 삼았다. 그 위로 2단으로 기둥받침을 돌출시켜 장식하였고 죽절형 기둥을 세웠다. 등잔받침은 원반형으로 테두리부분이 약간 외반 하였고, 측면에는 두 줄의 선으로 간략하게 음각했다. 이 부분은 등촉(燈燭)을 올려놓도록 상부가 편평하다."
jub000702,접수 702,백자 달항아리,국립중앙박물관,"생긴 모양이 달덩이처럼 둥그렇고 원만하다고 하여 달 항아리로 불린다. 몸체는 완전히 둥글지도 않고 부드럽고 여유 있는 둥근 모양이다. 구워지는 과정에서 한쪽이 조금 내려앉았다. 곧바로 선 굽의 지름은 입 부분의 지름보다 조금 좁다. 푸른 기가 거의 없는 투명한 백자유가 씌워졌고, 부분적으로 빙렬이 크게 나 있으며, 표면의 색조는 우윳빛에 가깝다. 흔히 맑은 흰 빛과 너그러운 둥근 맛으로 요약되는 조선백자의 미를 대표하는 잘생긴 항아리로 꼽힌다."
ssu001794,신수 1794,농경문 청동기,국립중앙박물관,"대전에서 출토되었다고 전해지는 농경문 청동기(農耕文 靑銅器)로 윗부분만 남아있다. 농경문 청동기에 그려져 있는 그림을 통해 농경과 관련된 제사를 지낼 때 사용되었던 의식용(儀式用) 도구로 여겨진다.농경문 청동기로 불리고 있으나 그 형태상 방패형 동기(防牌刑 銅器)의 일종으로 볼 수 있다. 몸체 가장 윗부분에는 작은 네모난 구멍 여섯 개가 배치되어 있는데 구멍마다 조금씩 닳아 있어 끈으로 매달아 사용했던 것으로 보인다. 양쪽 면에는 정가운데 세로 방향과 가장자리 윤곽을 따라 빗금, 선, 점선을 이용한 무늬띠가 돌아가고 그 안쪽 빈 공간에 그림이 그려져 있다. 한쪽 면 오른쪽에는 머리 위에 긴 깃털 같은 것을 꽂은 채 따비로 밭을 일구는 남자와 괭이를 치켜든 인물이 있고 왼쪽에는 항아리에 무언가를 담고 있는 인물이 새겨져 있다. 다른 한쪽 면에는 오른쪽과 왼쪽 모두 두 갈래로 갈라진 나무 끝에 새가 한 마리씩 앉아 있는 모습이 묘사되어 있다. 또한 새끼모양의 둥근 고리가 끼워져 있는 꼭지[?]가 한 개 달려있다.농경문 청동기는 인물, 농기구, 경작지 등을 추상적인 선으로 묘사해 청동기시대의 농경과 농경 관련 의례의 실상을 구체적으로 보여주고 있다는 점에서 귀중한 유물이다."
ssu001846,신수 1846,방패형 동기,국립중앙박물관,"대전광역시 서구 괴정동 유적에서 출토된 방패형 동기(防牌刑 銅器)이다. 용도는 정확하게 알 수 없으나 의식용(儀式用) 도구로 여겨진다. 
앞면에는 정가운데 세로 방향과 가장자리 윤곽을 따라 직사각형의 점줄무늬(點列文)가 세 줄로 베풀어져 있다. 윗부분에는 작은 네모난 구멍 네 개가 배치되어 있는데 구멍마다 조금씩 닳아 있어 끈으로 매달아 사용했던 것으로 보인다. 
무늬가 거칠고 꼭지(鈕)와 새끼모양의 둥근 고리가 보이지 않는 것으로 보아 방패형 동기 가운데 초기 형식으로 추정된다."
ssu003094,신수 3094,요령식 동검,국립중앙박물관,"충청남도 부여시 초촌면 송국리 돌널무덤[石棺墓]에서 출토된 청동검이다. 중국 요령지방에서 많이 출토되어 ′요령식 동검′이라고 하는데 중국 악기 비파(琵琶)를 닮아서 ′비파형 동검′이라고도 부른다. 전형적인 요령식 동검의 형태는 검몸[劍身] 아래부분이 폭이 넓고 둥근 비파모양을 이루며, 중앙보다 약간 위에 위치한 좌우 돌기(突起)가 뚜렷한 것이 특징이다. 또한 검몸과 자루를 따로 만들어 조합하는 형식으로, 검몸과 자루를 함께 만드는 중국식 동검[桃氏劍]과는 차이가 있다.송국리 유적에서 출토된 요령식 동검은 슴베부분[莖部]의 한쪽에 홈이 파진 형식으로 요령지방에서는 보이지 않는 것이다. 우리나라에서도 중서부와 남부지역에서만 나타나고 있어 한반도 중부 이남지역에서 제작된 특수 형식이라고 볼 수 있다."
ssu022891,신수 22891,빗살무늬토기,국립중앙박물관,"덧무늬토기 이후에 등장한 것으로, 우리나라 신석기시대를 대표하는 유물이다. 점과 선으로 이루어진 여러 기하학적 무늬는 자연을 배경으로 살아간 당시 사람들의 세계관을 상징적으로 표현한 것으로 여겨진다. 이 토기는 서울시 암사동 집터유적에서 출토된 것으로 겉면을 삼등분하고 각각 다른 무늬로 장식하였다. 토기 아래쪽에 뚫린 두 개의 구멍은 깨진 토기를 임시로 수리하여 사용했던 흔적으로 추정된다. 이를 통해 당시의 토기는 누구나 만들 수 있었던 것이 아니라 만드는 기술자가 따로 있었을 거라는 추측을 할 수 있다."
